img_path,target
https://collocation2024.github.io/image-mturk/dataset750/5.jpg,monk
https://collocation2024.github.io/image-mturk/dataset750/136.jpg,safari jeep
https://collocation2024.github.io/image-mturk/dataset750/374.jpg,car
https://collocation2024.github.io/image-mturk/dataset750/33.jpg,professional photographer
https://collocation2024.github.io/image-mturk/dataset750/91.jpg,knight riding a horse
https://collocation2024.github.io/image-mturk/dataset750/75.jpg,slice of cake
https://collocation2024.github.io/image-mturk/dataset750/272.jpg,dog
https://collocation2024.github.io/image-mturk/dataset750/14.jpg,sugar packet
https://collocation2024.github.io/image-mturk/dataset750/14.jpg,straw
https://collocation2024.github.io/image-mturk/dataset750/227.jpg,wrist watch
https://collocation2024.github.io/image-mturk/dataset750/28.jpg,cowboy hat
https://collocation2024.github.io/image-mturk/dataset750/267.jpg,floating crate
https://collocation2024.github.io/image-mturk/dataset750/166.jpg,birthday candles
https://collocation2024.github.io/image-mturk/dataset750/327.jpg,painting
https://collocation2024.github.io/image-mturk/dataset750/111.jpg,humidifier
https://collocation2024.github.io/image-mturk/dataset750/400.jpg,sidewalk
https://collocation2024.github.io/image-mturk/dataset750/195.jpg,toddler
https://collocation2024.github.io/image-mturk/dataset750/231.jpg,red cape
https://collocation2024.github.io/image-mturk/dataset750/147.jpg,mural
https://collocation2024.github.io/image-mturk/dataset750/207.jpg,cloud
https://collocation2024.github.io/image-mturk/dataset750/210.jpg,coconut palm
https://collocation2024.github.io/image-mturk/dataset750/380.jpg,cupboard
https://collocation2024.github.io/image-mturk/dataset750/71.jpg,person
https://collocation2024.github.io/image-mturk/dataset750/14.jpg,banana
https://collocation2024.github.io/image-mturk/dataset750/230.jpg,trampoline
https://collocation2024.github.io/image-mturk/dataset750/434.jpg,full moon
https://collocation2024.github.io/image-mturk/dataset750/341.jpg,dining table
https://collocation2024.github.io/image-mturk/dataset750/248.jpg,street lamp
https://collocation2024.github.io/image-mturk/dataset750/330.jpg,ice
https://collocation2024.github.io/image-mturk/dataset750/96.jpg,vase
https://collocation2024.github.io/image-mturk/dataset750/45.jpg,salad bowl
https://collocation2024.github.io/image-mturk/dataset750/368.jpg,blindfold
https://collocation2024.github.io/image-mturk/dataset750/245.jpg,motercycle
https://collocation2024.github.io/image-mturk/dataset750/8.jpg,book
https://collocation2024.github.io/image-mturk/dataset750/273.jpg,duck
https://collocation2024.github.io/image-mturk/dataset750/337.jpg,curtain
https://collocation2024.github.io/image-mturk/dataset750/313.jpg,cat
https://collocation2024.github.io/image-mturk/dataset750/403.jpg,ship
https://collocation2024.github.io/image-mturk/dataset750/200.jpg,hanging calendar
https://collocation2024.github.io/image-mturk/dataset750/111.jpg,fridge
https://collocation2024.github.io/image-mturk/dataset750/66.jpg,small fox statue
https://collocation2024.github.io/image-mturk/dataset750/192.jpg,fireworks
https://collocation2024.github.io/image-mturk/dataset750/48.jpg,vending machine
https://collocation2024.github.io/image-mturk/dataset750/212.jpg,man wearing a suit
https://collocation2024.github.io/image-mturk/dataset750/435.jpg,army medals
https://collocation2024.github.io/image-mturk/dataset750/1.jpg,glasses
https://collocation2024.github.io/image-mturk/dataset750/183.jpg,disco ball
https://collocation2024.github.io/image-mturk/dataset750/92.jpg,flame
https://collocation2024.github.io/image-mturk/dataset750/36.jpg,flag
https://collocation2024.github.io/image-mturk/dataset750/196.jpg,pen
https://collocation2024.github.io/image-mturk/dataset750/356.jpg,hand drier
https://collocation2024.github.io/image-mturk/dataset750/63.jpg,mobile phone
https://collocation2024.github.io/image-mturk/dataset750/99.jpg,shopping cart
https://collocation2024.github.io/image-mturk/dataset750/150.jpg,blazer
https://collocation2024.github.io/image-mturk/dataset750/193.jpg,glass of water
https://collocation2024.github.io/image-mturk/dataset750/129.jpg,plate
https://collocation2024.github.io/image-mturk/dataset750/199.jpg,rubik's cube
https://collocation2024.github.io/image-mturk/dataset750/83.jpg,rain drainage pipe
https://collocation2024.github.io/image-mturk/dataset750/81.jpg,torch
https://collocation2024.github.io/image-mturk/dataset750/419.jpg,grandfather clock
https://collocation2024.github.io/image-mturk/dataset750/164.jpg,smartphone
https://collocation2024.github.io/image-mturk/dataset750/105.jpg,laptop
https://collocation2024.github.io/image-mturk/dataset750/310.jpg,red carpet
https://collocation2024.github.io/image-mturk/dataset750/231.jpg,man
https://collocation2024.github.io/image-mturk/dataset750/123.jpg,bucket
https://collocation2024.github.io/image-mturk/dataset750/235.jpg,person
https://collocation2024.github.io/image-mturk/dataset750/205.jpg,jeep
https://collocation2024.github.io/image-mturk/dataset750/64.jpg,chanderlier
https://collocation2024.github.io/image-mturk/dataset750/240.jpg,dog
https://collocation2024.github.io/image-mturk/dataset750/89.jpg,whale-shaped cloud
https://collocation2024.github.io/image-mturk/dataset750/79.jpg,rattlesnake
https://collocation2024.github.io/image-mturk/dataset750/409.jpg,laptop
https://collocation2024.github.io/image-mturk/dataset750/117.jpg,campfire
https://collocation2024.github.io/image-mturk/dataset750/260.jpg,alarm clock
https://collocation2024.github.io/image-mturk/dataset750/330.jpg,rug
https://collocation2024.github.io/image-mturk/dataset750/116.jpg,traffic ticket
https://collocation2024.github.io/image-mturk/dataset750/182.jpg,wine glass
https://collocation2024.github.io/image-mturk/dataset750/82.jpg,apron
https://collocation2024.github.io/image-mturk/dataset750/401.jpg,stack of books
https://collocation2024.github.io/image-mturk/dataset750/20.jpg,potted plant
https://collocation2024.github.io/image-mturk/dataset750/0.jpg,cruise
https://collocation2024.github.io/image-mturk/dataset750/174.jpg,car
https://collocation2024.github.io/image-mturk/dataset750/18.jpg,cocktail shaker
https://collocation2024.github.io/image-mturk/dataset750/223.jpg,tower
https://collocation2024.github.io/image-mturk/dataset750/83.jpg,hair
https://collocation2024.github.io/image-mturk/dataset750/409.jpg,glasses
https://collocation2024.github.io/image-mturk/dataset750/167.jpg,moped
https://collocation2024.github.io/image-mturk/dataset750/59.jpg,ferris wheel
https://collocation2024.github.io/image-mturk/dataset750/150.jpg,tablet
https://collocation2024.github.io/image-mturk/dataset750/85.jpg,cruise ship
https://collocation2024.github.io/image-mturk/dataset750/178.jpg,cup of coffee
https://collocation2024.github.io/image-mturk/dataset750/42.jpg,crown
https://collocation2024.github.io/image-mturk/dataset750/121.jpg,shirt
https://collocation2024.github.io/image-mturk/dataset750/242.jpg,old man
https://collocation2024.github.io/image-mturk/dataset750/10.jpg,throw pillow
https://collocation2024.github.io/image-mturk/dataset750/82.jpg,glasses
https://collocation2024.github.io/image-mturk/dataset750/140.jpg,taxi
https://collocation2024.github.io/image-mturk/dataset750/15.jpg,manhole
https://collocation2024.github.io/image-mturk/dataset750/2.jpg,teddy bear
https://collocation2024.github.io/image-mturk/dataset750/321.jpg,swim ring
https://collocation2024.github.io/image-mturk/dataset750/10.jpg,gnome garden
https://collocation2024.github.io/image-mturk/dataset750/271.jpg,box of sandwiches
https://collocation2024.github.io/image-mturk/dataset750/43.jpg,fridge magnet
https://collocation2024.github.io/image-mturk/dataset750/10.jpg,watering can
https://collocation2024.github.io/image-mturk/dataset750/375.jpg,crystal ball
https://collocation2024.github.io/image-mturk/dataset750/77.jpg,trash bin
https://collocation2024.github.io/image-mturk/dataset750/243.jpg,man
https://collocation2024.github.io/image-mturk/dataset750/118.jpg,person
https://collocation2024.github.io/image-mturk/dataset750/48.jpg,rain coat
https://collocation2024.github.io/image-mturk/dataset750/217.jpg,avalanche
https://collocation2024.github.io/image-mturk/dataset750/341.jpg,fireplace
https://collocation2024.github.io/image-mturk/dataset750/228.jpg,umbrella
https://collocation2024.github.io/image-mturk/dataset750/289.jpg,wooden walkway
https://collocation2024.github.io/image-mturk/dataset750/305.jpg,cup of coffee
https://collocation2024.github.io/image-mturk/dataset750/428.jpg,sunglasses
https://collocation2024.github.io/image-mturk/dataset750/40.jpg,fishermen
https://collocation2024.github.io/image-mturk/dataset750/152.jpg,wine glass
https://collocation2024.github.io/image-mturk/dataset750/395.jpg,toaster
https://collocation2024.github.io/image-mturk/dataset750/85.jpg,helicopter
https://collocation2024.github.io/image-mturk/dataset750/58.jpg,duck
https://collocation2024.github.io/image-mturk/dataset750/370.jpg,wheel clamp
https://collocation2024.github.io/image-mturk/dataset750/336.jpg,potted red tulips
https://collocation2024.github.io/image-mturk/dataset750/357.jpg,mirror
https://collocation2024.github.io/image-mturk/dataset750/72.jpg,wrist watch
https://collocation2024.github.io/image-mturk/dataset750/423.jpg,trophy
https://collocation2024.github.io/image-mturk/dataset750/133.jpg,seal
https://collocation2024.github.io/image-mturk/dataset750/41.jpg,siberian husky
https://collocation2024.github.io/image-mturk/dataset750/436.jpg,ramen
https://collocation2024.github.io/image-mturk/dataset750/56.jpg,mug
https://collocation2024.github.io/image-mturk/dataset750/29.jpg,yacht
https://collocation2024.github.io/image-mturk/dataset750/381.jpg,roomba robot
https://collocation2024.github.io/image-mturk/dataset750/112.jpg,vase
https://collocation2024.github.io/image-mturk/dataset750/221.jpg,photographer
https://collocation2024.github.io/image-mturk/dataset750/90.jpg,fork
https://collocation2024.github.io/image-mturk/dataset750/78.jpg,grill
https://collocation2024.github.io/image-mturk/dataset750/143.jpg,person
https://collocation2024.github.io/image-mturk/dataset750/62.jpg,parcel
https://collocation2024.github.io/image-mturk/dataset750/0.jpg,sky lantern
https://collocation2024.github.io/image-mturk/dataset750/232.jpg,ball
https://collocation2024.github.io/image-mturk/dataset750/432.jpg,green sunglasses
https://collocation2024.github.io/image-mturk/dataset750/281.jpg,luggage
https://collocation2024.github.io/image-mturk/dataset750/69.jpg,milk delivery box
https://collocation2024.github.io/image-mturk/dataset750/399.jpg,tablecloth
https://collocation2024.github.io/image-mturk/dataset750/38.jpg,traffic cone
https://collocation2024.github.io/image-mturk/dataset750/57.jpg,machine gun
https://collocation2024.github.io/image-mturk/dataset750/142.jpg,hot air balloon
https://collocation2024.github.io/image-mturk/dataset750/345.jpg,blue blanket
https://collocation2024.github.io/image-mturk/dataset750/304.jpg,cowboy hat
https://collocation2024.github.io/image-mturk/dataset750/115.jpg,car
https://collocation2024.github.io/image-mturk/dataset750/410.jpg,wrist band
https://collocation2024.github.io/image-mturk/dataset750/353.jpg,books
https://collocation2024.github.io/image-mturk/dataset750/117.jpg,picnic table
https://collocation2024.github.io/image-mturk/dataset750/58.jpg,camera crew
https://collocation2024.github.io/image-mturk/dataset750/200.jpg,tie clip
https://collocation2024.github.io/image-mturk/dataset750/51.jpg,bridge
https://collocation2024.github.io/image-mturk/dataset750/53.jpg,blind curtain
https://collocation2024.github.io/image-mturk/dataset750/383.jpg,high heels
https://collocation2024.github.io/image-mturk/dataset750/130.jpg,dog
https://collocation2024.github.io/image-mturk/dataset750/365.jpg,indoor antenna
https://collocation2024.github.io/image-mturk/dataset750/17.jpg,cat
https://collocation2024.github.io/image-mturk/dataset750/390.jpg,japanese teapot
https://collocation2024.github.io/image-mturk/dataset750/432.jpg,boiling water steam
https://collocation2024.github.io/image-mturk/dataset750/17.jpg,teddy bear
https://collocation2024.github.io/image-mturk/dataset750/14.jpg,tea spoon
https://collocation2024.github.io/image-mturk/dataset750/425.jpg,roman pedestal
https://collocation2024.github.io/image-mturk/dataset750/238.jpg,car
https://collocation2024.github.io/image-mturk/dataset750/418.jpg,slice of lemon
https://collocation2024.github.io/image-mturk/dataset750/225.jpg,fisherman
https://collocation2024.github.io/image-mturk/dataset750/66.jpg,miko
https://collocation2024.github.io/image-mturk/dataset750/51.jpg,boat
https://collocation2024.github.io/image-mturk/dataset750/89.jpg,volcano eruption
https://collocation2024.github.io/image-mturk/dataset750/75.jpg,pasta
https://collocation2024.github.io/image-mturk/dataset750/346.jpg,glasses case
https://collocation2024.github.io/image-mturk/dataset750/60.jpg,person 
https://collocation2024.github.io/image-mturk/dataset750/186.jpg,lamp
https://collocation2024.github.io/image-mturk/dataset750/176.jpg,pepper shaker
https://collocation2024.github.io/image-mturk/dataset750/416.jpg,gigantic gozilla
https://collocation2024.github.io/image-mturk/dataset750/74.jpg,dog
https://collocation2024.github.io/image-mturk/dataset750/154.jpg,knife
https://collocation2024.github.io/image-mturk/dataset750/78.jpg,yellow rubber duck
https://collocation2024.github.io/image-mturk/dataset750/322.jpg,soap dispenser
https://collocation2024.github.io/image-mturk/dataset750/113.jpg,door knob
https://collocation2024.github.io/image-mturk/dataset750/180.jpg,tennis ball
https://collocation2024.github.io/image-mturk/dataset750/172.jpg,snowmobile
https://collocation2024.github.io/image-mturk/dataset750/21.jpg,trash can
https://collocation2024.github.io/image-mturk/dataset750/142.jpg,group of people wearing black outfits
https://collocation2024.github.io/image-mturk/dataset750/206.jpg,apple logo
https://collocation2024.github.io/image-mturk/dataset750/37.jpg,shoes
https://collocation2024.github.io/image-mturk/dataset750/411.jpg,belt
https://collocation2024.github.io/image-mturk/dataset750/342.jpg,dog food bowl
https://collocation2024.github.io/image-mturk/dataset750/159.jpg,butter
https://collocation2024.github.io/image-mturk/dataset750/92.jpg,dagger
https://collocation2024.github.io/image-mturk/dataset750/81.jpg,necktie
https://collocation2024.github.io/image-mturk/dataset750/44.jpg,dog
https://collocation2024.github.io/image-mturk/dataset750/331.jpg,table tennis table
https://collocation2024.github.io/image-mturk/dataset750/130.jpg,butler
https://collocation2024.github.io/image-mturk/dataset750/132.jpg,camera crew
https://collocation2024.github.io/image-mturk/dataset750/121.jpg,open suitcase
https://collocation2024.github.io/image-mturk/dataset750/420.jpg,milk
https://collocation2024.github.io/image-mturk/dataset750/347.jpg,kotatsu table
https://collocation2024.github.io/image-mturk/dataset750/190.jpg,kid
https://collocation2024.github.io/image-mturk/dataset750/289.jpg,hanging planter
https://collocation2024.github.io/image-mturk/dataset750/401.jpg,wall lamp
https://collocation2024.github.io/image-mturk/dataset750/16.jpg,marmite
https://collocation2024.github.io/image-mturk/dataset750/137.jpg,jetski
https://collocation2024.github.io/image-mturk/dataset750/76.jpg,headphone
https://collocation2024.github.io/image-mturk/dataset750/309.jpg,hi-vis jacket
https://collocation2024.github.io/image-mturk/dataset750/312.jpg,altar
https://collocation2024.github.io/image-mturk/dataset750/355.jpg,toilet roll
https://collocation2024.github.io/image-mturk/dataset750/213.jpg,tourist binocular
https://collocation2024.github.io/image-mturk/dataset750/249.jpg,traffic police
https://collocation2024.github.io/image-mturk/dataset750/239.jpg,cow
https://collocation2024.github.io/image-mturk/dataset750/21.jpg,car
https://collocation2024.github.io/image-mturk/dataset750/36.jpg,defensive cannon
https://collocation2024.github.io/image-mturk/dataset750/241.jpg,bird
https://collocation2024.github.io/image-mturk/dataset750/430.jpg,knight helmet
https://collocation2024.github.io/image-mturk/dataset750/332.jpg,backpack
https://collocation2024.github.io/image-mturk/dataset750/361.jpg,webcam
https://collocation2024.github.io/image-mturk/dataset750/156.jpg,ear tag
https://collocation2024.github.io/image-mturk/dataset750/170.jpg,vacuum clearner
https://collocation2024.github.io/image-mturk/dataset750/197.jpg,large picture frame
https://collocation2024.github.io/image-mturk/dataset750/376.jpg,shoes
https://collocation2024.github.io/image-mturk/dataset750/128.jpg,painting
https://collocation2024.github.io/image-mturk/dataset750/86.jpg,dog vest
https://collocation2024.github.io/image-mturk/dataset750/415.jpg,attic door
https://collocation2024.github.io/image-mturk/dataset750/279.jpg,festival tent
https://collocation2024.github.io/image-mturk/dataset750/349.jpg,dart board
https://collocation2024.github.io/image-mturk/dataset750/78.jpg,swimmer
https://collocation2024.github.io/image-mturk/dataset750/433.jpg,tomato sauce
https://collocation2024.github.io/image-mturk/dataset750/12.jpg,boat
https://collocation2024.github.io/image-mturk/dataset750/205.jpg,truck
https://collocation2024.github.io/image-mturk/dataset750/348.jpg,shark plush
https://collocation2024.github.io/image-mturk/dataset750/311.jpg,horse
https://collocation2024.github.io/image-mturk/dataset750/258.jpg,grafiti
https://collocation2024.github.io/image-mturk/dataset750/183.jpg,grandfather clock
https://collocation2024.github.io/image-mturk/dataset750/56.jpg,cheese
https://collocation2024.github.io/image-mturk/dataset750/202.jpg,coffee table
https://collocation2024.github.io/image-mturk/dataset750/171.jpg,selfie stick
https://collocation2024.github.io/image-mturk/dataset750/433.jpg,food flag
https://collocation2024.github.io/image-mturk/dataset750/335.jpg,roast turkey
https://collocation2024.github.io/image-mturk/dataset750/93.jpg,air conditioner
https://collocation2024.github.io/image-mturk/dataset750/112.jpg,portrait mirror
https://collocation2024.github.io/image-mturk/dataset750/62.jpg,canoe boat
https://collocation2024.github.io/image-mturk/dataset750/80.jpg,smartphone
https://collocation2024.github.io/image-mturk/dataset750/358.jpg,cosmetic
https://collocation2024.github.io/image-mturk/dataset750/411.jpg,overcoat
https://collocation2024.github.io/image-mturk/dataset750/139.jpg,crocodile
https://collocation2024.github.io/image-mturk/dataset750/432.jpg,ring
https://collocation2024.github.io/image-mturk/dataset750/234.jpg,table
https://collocation2024.github.io/image-mturk/dataset750/243.jpg,angel halo
https://collocation2024.github.io/image-mturk/dataset750/410.jpg,shopping bags
https://collocation2024.github.io/image-mturk/dataset750/123.jpg,screw driver set
https://collocation2024.github.io/image-mturk/dataset750/214.jpg,life jacket
https://collocation2024.github.io/image-mturk/dataset750/15.jpg,bicycle rider
https://collocation2024.github.io/image-mturk/dataset750/155.jpg,umbrella
https://collocation2024.github.io/image-mturk/dataset750/351.jpg,conference badge
https://collocation2024.github.io/image-mturk/dataset750/426.jpg,bacon
https://collocation2024.github.io/image-mturk/dataset750/6.jpg,sunglasses
https://collocation2024.github.io/image-mturk/dataset750/427.jpg,large suitcase
https://collocation2024.github.io/image-mturk/dataset750/4.jpg,skirt
https://collocation2024.github.io/image-mturk/dataset750/124.jpg,wrench
https://collocation2024.github.io/image-mturk/dataset750/320.jpg,water
https://collocation2024.github.io/image-mturk/dataset750/201.jpg,hanging light bulb
https://collocation2024.github.io/image-mturk/dataset750/186.jpg,dirty luggage
https://collocation2024.github.io/image-mturk/dataset750/110.jpg,beaker
https://collocation2024.github.io/image-mturk/dataset750/129.jpg,floating shelf
https://collocation2024.github.io/image-mturk/dataset750/8.jpg,dessert
https://collocation2024.github.io/image-mturk/dataset750/434.jpg,statue
https://collocation2024.github.io/image-mturk/dataset750/316.jpg,wheelchair user
https://collocation2024.github.io/image-mturk/dataset750/96.jpg,coffee cup
https://collocation2024.github.io/image-mturk/dataset750/9.jpg,gold chain necklace
https://collocation2024.github.io/image-mturk/dataset750/291.jpg,blue postal box
https://collocation2024.github.io/image-mturk/dataset750/401.jpg,backpack
https://collocation2024.github.io/image-mturk/dataset750/252.jpg,pyramid
https://collocation2024.github.io/image-mturk/dataset750/308.jpg,helmet
https://collocation2024.github.io/image-mturk/dataset750/108.jpg,towel
https://collocation2024.github.io/image-mturk/dataset750/268.jpg,wooden bridge
https://collocation2024.github.io/image-mturk/dataset750/409.jpg,small photo frame
https://collocation2024.github.io/image-mturk/dataset750/162.jpg,boiled egg
https://collocation2024.github.io/image-mturk/dataset750/339.jpg,crown
https://collocation2024.github.io/image-mturk/dataset750/229.jpg,iceberg
https://collocation2024.github.io/image-mturk/dataset750/235.jpg,stone walkways
https://collocation2024.github.io/image-mturk/dataset750/277.jpg,outdoor concert stage
https://collocation2024.github.io/image-mturk/dataset750/112.jpg,clock
https://collocation2024.github.io/image-mturk/dataset750/300.jpg,teddy bear
https://collocation2024.github.io/image-mturk/dataset750/106.jpg,guitar
https://collocation2024.github.io/image-mturk/dataset750/116.jpg,car sunshades
https://collocation2024.github.io/image-mturk/dataset750/191.jpg,flying bird
https://collocation2024.github.io/image-mturk/dataset750/217.jpg,crater
https://collocation2024.github.io/image-mturk/dataset750/169.jpg,shark
https://collocation2024.github.io/image-mturk/dataset750/109.jpg,armchair
https://collocation2024.github.io/image-mturk/dataset750/229.jpg,wrist watch
https://collocation2024.github.io/image-mturk/dataset750/236.jpg,bicycle
https://collocation2024.github.io/image-mturk/dataset750/0.jpg,moon
https://collocation2024.github.io/image-mturk/dataset750/54.jpg,soccer ball
https://collocation2024.github.io/image-mturk/dataset750/226.jpg,bucket
https://collocation2024.github.io/image-mturk/dataset750/144.jpg,pencil case
https://collocation2024.github.io/image-mturk/dataset750/110.jpg,laptop
https://collocation2024.github.io/image-mturk/dataset750/128.jpg,wall clock
https://collocation2024.github.io/image-mturk/dataset750/163.jpg,burger flag
https://collocation2024.github.io/image-mturk/dataset750/20.jpg,chef's hat
https://collocation2024.github.io/image-mturk/dataset750/328.jpg,gate
https://collocation2024.github.io/image-mturk/dataset750/30.jpg,navigation chart clipboard
https://collocation2024.github.io/image-mturk/dataset750/122.jpg,calculator
https://collocation2024.github.io/image-mturk/dataset750/129.jpg,wine bottle
https://collocation2024.github.io/image-mturk/dataset750/310.jpg,princess
https://collocation2024.github.io/image-mturk/dataset750/409.jpg,body pillow
https://collocation2024.github.io/image-mturk/dataset750/429.jpg,podium
https://collocation2024.github.io/image-mturk/dataset750/352.jpg,stroller
https://collocation2024.github.io/image-mturk/dataset750/8.jpg,face mask
https://collocation2024.github.io/image-mturk/dataset750/405.jpg,fire hydrant
https://collocation2024.github.io/image-mturk/dataset750/150.jpg,shirt pocket
https://collocation2024.github.io/image-mturk/dataset750/30.jpg,seagull
https://collocation2024.github.io/image-mturk/dataset750/279.jpg,hat
https://collocation2024.github.io/image-mturk/dataset750/285.jpg,plaque
https://collocation2024.github.io/image-mturk/dataset750/210.jpg,woman in swimsuit
https://collocation2024.github.io/image-mturk/dataset750/329.jpg,treasure chest
https://collocation2024.github.io/image-mturk/dataset750/27.jpg,flag
https://collocation2024.github.io/image-mturk/dataset750/213.jpg,boat
https://collocation2024.github.io/image-mturk/dataset750/131.jpg,cat
https://collocation2024.github.io/image-mturk/dataset750/197.jpg,hotel housekeeper
https://collocation2024.github.io/image-mturk/dataset750/3.jpg,strawberry
https://collocation2024.github.io/image-mturk/dataset750/166.jpg,strawberry cake
https://collocation2024.github.io/image-mturk/dataset750/22.jpg,maintenance staff
https://collocation2024.github.io/image-mturk/dataset750/247.jpg,motorcycle
https://collocation2024.github.io/image-mturk/dataset750/7.jpg,duck pedal boat
https://collocation2024.github.io/image-mturk/dataset750/411.jpg,wallpaper
https://collocation2024.github.io/image-mturk/dataset750/175.jpg,boat
https://collocation2024.github.io/image-mturk/dataset750/416.jpg,mountain range
https://collocation2024.github.io/image-mturk/dataset750/138.jpg,cat food tray
https://collocation2024.github.io/image-mturk/dataset750/223.jpg,cargo ship
https://collocation2024.github.io/image-mturk/dataset750/330.jpg,straw
https://collocation2024.github.io/image-mturk/dataset750/162.jpg,fork
https://collocation2024.github.io/image-mturk/dataset750/9.jpg,bowtie
https://collocation2024.github.io/image-mturk/dataset750/414.jpg,necktie
https://collocation2024.github.io/image-mturk/dataset750/11.jpg,small shot glass
https://collocation2024.github.io/image-mturk/dataset750/46.jpg,tomato sauce
https://collocation2024.github.io/image-mturk/dataset750/45.jpg,vase
https://collocation2024.github.io/image-mturk/dataset750/265.jpg,canoe
https://collocation2024.github.io/image-mturk/dataset750/18.jpg,tipping jar
https://collocation2024.github.io/image-mturk/dataset750/32.jpg,boom lift
https://collocation2024.github.io/image-mturk/dataset750/159.jpg,berries
https://collocation2024.github.io/image-mturk/dataset750/107.jpg,television
https://collocation2024.github.io/image-mturk/dataset750/133.jpg,beach ball
https://collocation2024.github.io/image-mturk/dataset750/85.jpg,cloak
https://collocation2024.github.io/image-mturk/dataset750/271.jpg,boat
https://collocation2024.github.io/image-mturk/dataset750/20.jpg,stacked steamer
https://collocation2024.github.io/image-mturk/dataset750/79.jpg,tower
https://collocation2024.github.io/image-mturk/dataset750/415.jpg,small table
https://collocation2024.github.io/image-mturk/dataset750/152.jpg,pancakes
https://collocation2024.github.io/image-mturk/dataset750/366.jpg,hamburger set
https://collocation2024.github.io/image-mturk/dataset750/100.jpg,dog
https://collocation2024.github.io/image-mturk/dataset750/281.jpg,lake fountain
https://collocation2024.github.io/image-mturk/dataset750/23.jpg,whiteboard
https://collocation2024.github.io/image-mturk/dataset750/176.jpg,knife
https://collocation2024.github.io/image-mturk/dataset750/172.jpg,snowman
https://collocation2024.github.io/image-mturk/dataset750/10.jpg,claymore sword
https://collocation2024.github.io/image-mturk/dataset750/7.jpg,tourist information board
https://collocation2024.github.io/image-mturk/dataset750/30.jpg,binoculars
https://collocation2024.github.io/image-mturk/dataset750/236.jpg,runner
https://collocation2024.github.io/image-mturk/dataset750/426.jpg,bamboo skewer
https://collocation2024.github.io/image-mturk/dataset750/61.jpg,grave
https://collocation2024.github.io/image-mturk/dataset750/246.jpg,speed bump
https://collocation2024.github.io/image-mturk/dataset750/200.jpg,cup of coffee
https://collocation2024.github.io/image-mturk/dataset750/80.jpg,bottle cap
https://collocation2024.github.io/image-mturk/dataset750/125.jpg,car
https://collocation2024.github.io/image-mturk/dataset750/194.jpg,ice
https://collocation2024.github.io/image-mturk/dataset750/65.jpg,sunglasses
https://collocation2024.github.io/image-mturk/dataset750/32.jpg,traffic cone
https://collocation2024.github.io/image-mturk/dataset750/413.jpg,dipping sauce
https://collocation2024.github.io/image-mturk/dataset750/216.jpg,person skiing
https://collocation2024.github.io/image-mturk/dataset750/120.jpg,curtain
https://collocation2024.github.io/image-mturk/dataset750/9.jpg,drone
https://collocation2024.github.io/image-mturk/dataset750/244.jpg,cat
https://collocation2024.github.io/image-mturk/dataset750/276.jpg,traffic cone
https://collocation2024.github.io/image-mturk/dataset750/343.jpg,floor lamp
https://collocation2024.github.io/image-mturk/dataset750/199.jpg,computer tower
https://collocation2024.github.io/image-mturk/dataset750/68.jpg,street lamp
https://collocation2024.github.io/image-mturk/dataset750/72.jpg,child
https://collocation2024.github.io/image-mturk/dataset750/21.jpg,garbage truck
https://collocation2024.github.io/image-mturk/dataset750/369.jpg,large audio speaker
https://collocation2024.github.io/image-mturk/dataset750/429.jpg,wall clock
https://collocation2024.github.io/image-mturk/dataset750/371.jpg,icicle
https://collocation2024.github.io/image-mturk/dataset750/264.jpg,duck
https://collocation2024.github.io/image-mturk/dataset750/82.jpg,necktie
https://collocation2024.github.io/image-mturk/dataset750/302.jpg,vending machine
https://collocation2024.github.io/image-mturk/dataset750/415.jpg,wall clock
https://collocation2024.github.io/image-mturk/dataset750/19.jpg,high knee sock
https://collocation2024.github.io/image-mturk/dataset750/215.jpg,snowboarder
https://collocation2024.github.io/image-mturk/dataset750/42.jpg,sunglasses
https://collocation2024.github.io/image-mturk/dataset750/24.jpg,umbrella
https://collocation2024.github.io/image-mturk/dataset750/194.jpg,nail clipper
https://collocation2024.github.io/image-mturk/dataset750/161.jpg,bird
https://collocation2024.github.io/image-mturk/dataset750/417.jpg,mountain range
https://collocation2024.github.io/image-mturk/dataset750/288.jpg,basketball
https://collocation2024.github.io/image-mturk/dataset750/4.jpg,balloon
https://collocation2024.github.io/image-mturk/dataset750/184.jpg,carrot
https://collocation2024.github.io/image-mturk/dataset750/210.jpg,life jacket
https://collocation2024.github.io/image-mturk/dataset750/149.jpg,bob haircut
https://collocation2024.github.io/image-mturk/dataset750/196.jpg,hiking boots
https://collocation2024.github.io/image-mturk/dataset750/19.jpg,wheelchair
https://collocation2024.github.io/image-mturk/dataset750/71.jpg,flying eagle
https://collocation2024.github.io/image-mturk/dataset750/2.jpg,body pillow
https://collocation2024.github.io/image-mturk/dataset750/421.jpg,salad dressing
https://collocation2024.github.io/image-mturk/dataset750/250.jpg,photographer
https://collocation2024.github.io/image-mturk/dataset750/134.jpg,snowmobile
https://collocation2024.github.io/image-mturk/dataset750/41.jpg,postbox
https://collocation2024.github.io/image-mturk/dataset750/39.jpg,paper
https://collocation2024.github.io/image-mturk/dataset750/428.jpg,chandelier
https://collocation2024.github.io/image-mturk/dataset750/414.jpg,standing man
https://collocation2024.github.io/image-mturk/dataset750/201.jpg,chair
https://collocation2024.github.io/image-mturk/dataset750/61.jpg,flower bed
https://collocation2024.github.io/image-mturk/dataset750/81.jpg,microphone
https://collocation2024.github.io/image-mturk/dataset750/54.jpg,dog food bowl
https://collocation2024.github.io/image-mturk/dataset750/34.jpg,strawberry jam
https://collocation2024.github.io/image-mturk/dataset750/100.jpg,floor lamp
https://collocation2024.github.io/image-mturk/dataset750/81.jpg,hoop earring
https://collocation2024.github.io/image-mturk/dataset750/341.jpg,curtain
https://collocation2024.github.io/image-mturk/dataset750/317.jpg,bus
https://collocation2024.github.io/image-mturk/dataset750/425.jpg,wing
https://collocation2024.github.io/image-mturk/dataset750/88.jpg,chandelier
https://collocation2024.github.io/image-mturk/dataset750/398.jpg,light switch
https://collocation2024.github.io/image-mturk/dataset750/33.jpg,picnic mat
https://collocation2024.github.io/image-mturk/dataset750/43.jpg,knife
https://collocation2024.github.io/image-mturk/dataset750/4.jpg,treasure chest
https://collocation2024.github.io/image-mturk/dataset750/149.jpg,woman
https://collocation2024.github.io/image-mturk/dataset750/124.jpg,cupcake tray
https://collocation2024.github.io/image-mturk/dataset750/200.jpg,pocket square
https://collocation2024.github.io/image-mturk/dataset750/220.jpg,wild horse
https://collocation2024.github.io/image-mturk/dataset750/5.jpg,hiker
https://collocation2024.github.io/image-mturk/dataset750/177.jpg,bench
https://collocation2024.github.io/image-mturk/dataset750/89.jpg,person on snowboard
https://collocation2024.github.io/image-mturk/dataset750/167.jpg,parking meter
https://collocation2024.github.io/image-mturk/dataset750/31.jpg,bamboo train
https://collocation2024.github.io/image-mturk/dataset750/174.jpg,sun
https://collocation2024.github.io/image-mturk/dataset750/219.jpg,car
https://collocation2024.github.io/image-mturk/dataset750/23.jpg,laptop
https://collocation2024.github.io/image-mturk/dataset750/280.jpg,flag
https://collocation2024.github.io/image-mturk/dataset750/388.jpg,painting
https://collocation2024.github.io/image-mturk/dataset750/400.jpg,ambulance
https://collocation2024.github.io/image-mturk/dataset750/379.jpg,hanging suit jacket
https://collocation2024.github.io/image-mturk/dataset750/14.jpg,butter
https://collocation2024.github.io/image-mturk/dataset750/268.jpg,bench
https://collocation2024.github.io/image-mturk/dataset750/397.jpg,rug
https://collocation2024.github.io/image-mturk/dataset750/436.jpg,bartender
https://collocation2024.github.io/image-mturk/dataset750/319.jpg,fire hydrant
https://collocation2024.github.io/image-mturk/dataset750/227.jpg,fishing rod
https://collocation2024.github.io/image-mturk/dataset750/437.jpg,bench
https://collocation2024.github.io/image-mturk/dataset750/108.jpg,dryer
https://collocation2024.github.io/image-mturk/dataset750/141.jpg,kite
https://collocation2024.github.io/image-mturk/dataset750/144.jpg,computer mouse
https://collocation2024.github.io/image-mturk/dataset750/101.jpg,projector screen
https://collocation2024.github.io/image-mturk/dataset750/301.jpg,car
https://collocation2024.github.io/image-mturk/dataset750/13.jpg,giant lion mascot
https://collocation2024.github.io/image-mturk/dataset750/41.jpg,collar
https://collocation2024.github.io/image-mturk/dataset750/35.jpg,tattoo
https://collocation2024.github.io/image-mturk/dataset750/278.jpg,car
https://collocation2024.github.io/image-mturk/dataset750/270.jpg,chrismas decolation
https://collocation2024.github.io/image-mturk/dataset750/203.jpg,crosswalk
https://collocation2024.github.io/image-mturk/dataset750/284.jpg,policeman
https://collocation2024.github.io/image-mturk/dataset750/344.jpg,magazine
https://collocation2024.github.io/image-mturk/dataset750/180.jpg,ice cream
https://collocation2024.github.io/image-mturk/dataset750/28.jpg,garland
https://collocation2024.github.io/image-mturk/dataset750/68.jpg,food stand
https://collocation2024.github.io/image-mturk/dataset750/128.jpg,ceiling fan
https://collocation2024.github.io/image-mturk/dataset750/76.jpg,necklece
https://collocation2024.github.io/image-mturk/dataset750/360.jpg,webcam
https://collocation2024.github.io/image-mturk/dataset750/269.jpg,water springboard
https://collocation2024.github.io/image-mturk/dataset750/253.jpg,carriage
https://collocation2024.github.io/image-mturk/dataset750/140.jpg,bus stop
https://collocation2024.github.io/image-mturk/dataset750/117.jpg,dog
https://collocation2024.github.io/image-mturk/dataset750/163.jpg,spoon
https://collocation2024.github.io/image-mturk/dataset750/211.jpg,jumping dolphin
https://collocation2024.github.io/image-mturk/dataset750/127.jpg,pineapple
https://collocation2024.github.io/image-mturk/dataset750/16.jpg,jam
https://collocation2024.github.io/image-mturk/dataset750/76.jpg,tiara
https://collocation2024.github.io/image-mturk/dataset750/1.jpg,piece of meats
https://collocation2024.github.io/image-mturk/dataset750/200.jpg,green apple soda
https://collocation2024.github.io/image-mturk/dataset750/242.jpg,dog
https://collocation2024.github.io/image-mturk/dataset750/126.jpg,rock
https://collocation2024.github.io/image-mturk/dataset750/73.jpg,note stand
https://collocation2024.github.io/image-mturk/dataset750/253.jpg,dog
https://collocation2024.github.io/image-mturk/dataset750/8.jpg,pencil sharpener
https://collocation2024.github.io/image-mturk/dataset750/6.jpg,ski goggle
https://collocation2024.github.io/image-mturk/dataset750/11.jpg,cheese
https://collocation2024.github.io/image-mturk/dataset750/45.jpg,rug
https://collocation2024.github.io/image-mturk/dataset750/202.jpg,dog
https://collocation2024.github.io/image-mturk/dataset750/411.jpg,ring
https://collocation2024.github.io/image-mturk/dataset750/101.jpg,laptop
https://collocation2024.github.io/image-mturk/dataset750/113.jpg,window
https://collocation2024.github.io/image-mturk/dataset750/215.jpg,sledge
https://collocation2024.github.io/image-mturk/dataset750/45.jpg,menu board
https://collocation2024.github.io/image-mturk/dataset750/103.jpg,vase
https://collocation2024.github.io/image-mturk/dataset750/229.jpg,boat
https://collocation2024.github.io/image-mturk/dataset750/66.jpg,signpost
https://collocation2024.github.io/image-mturk/dataset750/128.jpg,world map
https://collocation2024.github.io/image-mturk/dataset750/0.jpg,shooting star
https://collocation2024.github.io/image-mturk/dataset750/277.jpg,sand pit
https://collocation2024.github.io/image-mturk/dataset750/182.jpg,dish
https://collocation2024.github.io/image-mturk/dataset750/427.jpg,paddy field
https://collocation2024.github.io/image-mturk/dataset750/191.jpg,orange
https://collocation2024.github.io/image-mturk/dataset750/249.jpg,person riding a bicycle
https://collocation2024.github.io/image-mturk/dataset750/43.jpg,apple
https://collocation2024.github.io/image-mturk/dataset750/113.jpg,room number plate
https://collocation2024.github.io/image-mturk/dataset750/88.jpg,red carpet
https://collocation2024.github.io/image-mturk/dataset750/398.jpg,pan
https://collocation2024.github.io/image-mturk/dataset750/122.jpg,cup of coffee
https://collocation2024.github.io/image-mturk/dataset750/439.jpg,hanging durian
https://collocation2024.github.io/image-mturk/dataset750/359.jpg,collar
https://collocation2024.github.io/image-mturk/dataset750/218.jpg,knit hat
https://collocation2024.github.io/image-mturk/dataset750/262.jpg,radio
https://collocation2024.github.io/image-mturk/dataset750/305.jpg,door
https://collocation2024.github.io/image-mturk/dataset750/85.jpg,tiara
https://collocation2024.github.io/image-mturk/dataset750/83.jpg,long beard
https://collocation2024.github.io/image-mturk/dataset750/49.jpg,seal
https://collocation2024.github.io/image-mturk/dataset750/25.jpg,ring
https://collocation2024.github.io/image-mturk/dataset750/322.jpg,shampoo bottle
https://collocation2024.github.io/image-mturk/dataset750/247.jpg,plane
https://collocation2024.github.io/image-mturk/dataset750/183.jpg,pool table
https://collocation2024.github.io/image-mturk/dataset750/405.jpg,red moon
https://collocation2024.github.io/image-mturk/dataset750/30.jpg,captain's hat
https://collocation2024.github.io/image-mturk/dataset750/137.jpg,launching rocket
https://collocation2024.github.io/image-mturk/dataset750/48.jpg,headphone
https://collocation2024.github.io/image-mturk/dataset750/151.jpg,fork
https://collocation2024.github.io/image-mturk/dataset750/232.jpg,tall hat
https://collocation2024.github.io/image-mturk/dataset750/217.jpg,castle
https://collocation2024.github.io/image-mturk/dataset750/56.jpg,slices of tomato
https://collocation2024.github.io/image-mturk/dataset750/161.jpg,beer can
https://collocation2024.github.io/image-mturk/dataset750/114.jpg,person walking a dog
https://collocation2024.github.io/image-mturk/dataset750/203.jpg,motorcycle
https://collocation2024.github.io/image-mturk/dataset750/188.jpg,bicycle
https://collocation2024.github.io/image-mturk/dataset750/120.jpg,pillow
https://collocation2024.github.io/image-mturk/dataset750/250.jpg,camel
https://collocation2024.github.io/image-mturk/dataset750/170.jpg,painting
https://collocation2024.github.io/image-mturk/dataset750/210.jpg,sand castle
https://collocation2024.github.io/image-mturk/dataset750/178.jpg,plate
https://collocation2024.github.io/image-mturk/dataset750/360.jpg,bowl of noodle
https://collocation2024.github.io/image-mturk/dataset750/211.jpg,turtle
https://collocation2024.github.io/image-mturk/dataset750/406.jpg,solar eclipse
https://collocation2024.github.io/image-mturk/dataset750/256.jpg,bread basket
https://collocation2024.github.io/image-mturk/dataset750/183.jpg,carpet
https://collocation2024.github.io/image-mturk/dataset750/338.jpg,dog
https://collocation2024.github.io/image-mturk/dataset750/35.jpg,bracelet
https://collocation2024.github.io/image-mturk/dataset750/108.jpg,toothbrush
https://collocation2024.github.io/image-mturk/dataset750/50.jpg,red marker
https://collocation2024.github.io/image-mturk/dataset750/27.jpg,airplane
https://collocation2024.github.io/image-mturk/dataset750/73.jpg,water bottle
https://collocation2024.github.io/image-mturk/dataset750/269.jpg,duck
https://collocation2024.github.io/image-mturk/dataset750/278.jpg,snowman
https://collocation2024.github.io/image-mturk/dataset750/21.jpg,helmet
https://collocation2024.github.io/image-mturk/dataset750/104.jpg,carpet
https://collocation2024.github.io/image-mturk/dataset750/340.jpg,football match
https://collocation2024.github.io/image-mturk/dataset750/414.jpg,sunglasses
https://collocation2024.github.io/image-mturk/dataset750/87.jpg,wooden bucket
https://collocation2024.github.io/image-mturk/dataset750/337.jpg,wine bottle
https://collocation2024.github.io/image-mturk/dataset750/90.jpg,salt and pepper shaker
https://collocation2024.github.io/image-mturk/dataset750/84.jpg,anti-riot police
https://collocation2024.github.io/image-mturk/dataset750/189.jpg,monocole
https://collocation2024.github.io/image-mturk/dataset750/173.jpg,cat food tray
https://collocation2024.github.io/image-mturk/dataset750/179.jpg,ship
https://collocation2024.github.io/image-mturk/dataset750/315.jpg,tactile paving
https://collocation2024.github.io/image-mturk/dataset750/82.jpg,necklece
https://collocation2024.github.io/image-mturk/dataset750/168.jpg,cat
https://collocation2024.github.io/image-mturk/dataset750/437.jpg,human size jenga tower
https://collocation2024.github.io/image-mturk/dataset750/173.jpg,collar with bell
https://collocation2024.github.io/image-mturk/dataset750/306.jpg,skateboard
https://collocation2024.github.io/image-mturk/dataset750/180.jpg,camera crew
https://collocation2024.github.io/image-mturk/dataset750/341.jpg,carpet
https://collocation2024.github.io/image-mturk/dataset750/198.jpg,wall clock
https://collocation2024.github.io/image-mturk/dataset750/237.jpg,cow
https://collocation2024.github.io/image-mturk/dataset750/340.jpg,remote control
https://collocation2024.github.io/image-mturk/dataset750/81.jpg,pen
https://collocation2024.github.io/image-mturk/dataset750/25.jpg,microphone
https://collocation2024.github.io/image-mturk/dataset750/184.jpg,fire
https://collocation2024.github.io/image-mturk/dataset750/314.jpg,jumping whale
https://collocation2024.github.io/image-mturk/dataset750/159.jpg,syrup
https://collocation2024.github.io/image-mturk/dataset750/69.jpg,wall lamp
https://collocation2024.github.io/image-mturk/dataset750/132.jpg,cheerleader
https://collocation2024.github.io/image-mturk/dataset750/214.jpg,goggle
https://collocation2024.github.io/image-mturk/dataset750/301.jpg,rooftop billboard
https://collocation2024.github.io/image-mturk/dataset750/87.jpg,brief case
https://collocation2024.github.io/image-mturk/dataset750/95.jpg,paperweight
https://collocation2024.github.io/image-mturk/dataset750/383.jpg,door knocker
https://collocation2024.github.io/image-mturk/dataset750/185.jpg,glasses
https://collocation2024.github.io/image-mturk/dataset750/148.jpg,alarm clock
https://collocation2024.github.io/image-mturk/dataset750/67.jpg,kid ridding bicycle
https://collocation2024.github.io/image-mturk/dataset750/403.jpg,painting artist
https://collocation2024.github.io/image-mturk/dataset750/0.jpg,fireworks
https://collocation2024.github.io/image-mturk/dataset750/2.jpg,indoor plants
https://collocation2024.github.io/image-mturk/dataset750/146.jpg,train timetable board
https://collocation2024.github.io/image-mturk/dataset750/47.jpg,archaeologist
https://collocation2024.github.io/image-mturk/dataset750/334.jpg,vase
https://collocation2024.github.io/image-mturk/dataset750/200.jpg,rice
https://collocation2024.github.io/image-mturk/dataset750/141.jpg,wooden house
https://collocation2024.github.io/image-mturk/dataset750/14.jpg,almond
https://collocation2024.github.io/image-mturk/dataset750/26.jpg,drink can
https://collocation2024.github.io/image-mturk/dataset750/131.jpg,tissue box
https://collocation2024.github.io/image-mturk/dataset750/190.jpg,jumping dog
https://collocation2024.github.io/image-mturk/dataset750/193.jpg,wrist watch
https://collocation2024.github.io/image-mturk/dataset750/70.jpg,microphone
https://collocation2024.github.io/image-mturk/dataset750/210.jpg,beach chair
https://collocation2024.github.io/image-mturk/dataset750/145.jpg,car
https://collocation2024.github.io/image-mturk/dataset750/174.jpg,pedestrian traffic light
https://collocation2024.github.io/image-mturk/dataset750/367.jpg,floor chair
https://collocation2024.github.io/image-mturk/dataset750/440.jpg,car
https://collocation2024.github.io/image-mturk/dataset750/222.jpg,security guard
https://collocation2024.github.io/image-mturk/dataset750/354.jpg,shopping trolley
https://collocation2024.github.io/image-mturk/dataset750/409.jpg,kettle
https://collocation2024.github.io/image-mturk/dataset750/417.jpg,tree swing
https://collocation2024.github.io/image-mturk/dataset750/154.jpg,chili
https://collocation2024.github.io/image-mturk/dataset750/19.jpg,bench
https://collocation2024.github.io/image-mturk/dataset750/6.jpg,headphone
https://collocation2024.github.io/image-mturk/dataset750/413.jpg,soy sauce
https://collocation2024.github.io/image-mturk/dataset750/378.jpg,canned food
https://collocation2024.github.io/image-mturk/dataset750/331.jpg,fountain
https://collocation2024.github.io/image-mturk/dataset750/114.jpg,green tree leaves
https://collocation2024.github.io/image-mturk/dataset750/55.jpg,coffin
https://collocation2024.github.io/image-mturk/dataset750/396.jpg,stove
https://collocation2024.github.io/image-mturk/dataset750/402.jpg,skyscraper
https://collocation2024.github.io/image-mturk/dataset750/136.jpg,wolf
https://collocation2024.github.io/image-mturk/dataset750/248.jpg,car
https://collocation2024.github.io/image-mturk/dataset750/186.jpg,alarm clock
https://collocation2024.github.io/image-mturk/dataset750/245.jpg,fighter jet
https://collocation2024.github.io/image-mturk/dataset750/133.jpg,sand castle
https://collocation2024.github.io/image-mturk/dataset750/204.jpg,car
https://collocation2024.github.io/image-mturk/dataset750/283.jpg,mailbox
https://collocation2024.github.io/image-mturk/dataset750/385.jpg,cushion pillow
https://collocation2024.github.io/image-mturk/dataset750/251.jpg,rattlesnake
https://collocation2024.github.io/image-mturk/dataset750/243.jpg,picnic basket
https://collocation2024.github.io/image-mturk/dataset750/34.jpg,spoon
https://collocation2024.github.io/image-mturk/dataset750/100.jpg,sleeping man
https://collocation2024.github.io/image-mturk/dataset750/424.jpg,pineapples
https://collocation2024.github.io/image-mturk/dataset750/11.jpg,fork
https://collocation2024.github.io/image-mturk/dataset750/49.jpg,weather buoy
https://collocation2024.github.io/image-mturk/dataset750/106.jpg,coat rack
https://collocation2024.github.io/image-mturk/dataset750/40.jpg,parasol
https://collocation2024.github.io/image-mturk/dataset750/70.jpg,flower boutonniere
https://collocation2024.github.io/image-mturk/dataset750/46.jpg,napkin
https://collocation2024.github.io/image-mturk/dataset750/424.jpg,lantern
https://collocation2024.github.io/image-mturk/dataset750/105.jpg,envelope
https://collocation2024.github.io/image-mturk/dataset750/303.jpg,grass
https://collocation2024.github.io/image-mturk/dataset750/186.jpg,brown blanket
https://collocation2024.github.io/image-mturk/dataset750/141.jpg,haystack
https://collocation2024.github.io/image-mturk/dataset750/148.jpg,candle
https://collocation2024.github.io/image-mturk/dataset750/119.jpg,piece of meat
https://collocation2024.github.io/image-mturk/dataset750/118.jpg,bench
https://collocation2024.github.io/image-mturk/dataset750/172.jpg,igloo
https://collocation2024.github.io/image-mturk/dataset750/160.jpg,presenter
https://collocation2024.github.io/image-mturk/dataset750/24.jpg,sun
https://collocation2024.github.io/image-mturk/dataset750/201.jpg,trash can
https://collocation2024.github.io/image-mturk/dataset750/98.jpg,person
https://collocation2024.github.io/image-mturk/dataset750/129.jpg,pizza
https://collocation2024.github.io/image-mturk/dataset750/52.jpg,vase
https://collocation2024.github.io/image-mturk/dataset750/196.jpg,stack of books
https://collocation2024.github.io/image-mturk/dataset750/280.jpg,canned juice
https://collocation2024.github.io/image-mturk/dataset750/127.jpg,pizza table
https://collocation2024.github.io/image-mturk/dataset750/97.jpg,body pillow
https://collocation2024.github.io/image-mturk/dataset750/157.jpg,traffic police
https://collocation2024.github.io/image-mturk/dataset750/215.jpg,snow trac
https://collocation2024.github.io/image-mturk/dataset750/408.jpg,solar rooftop
https://collocation2024.github.io/image-mturk/dataset750/362.jpg,sneaker
https://collocation2024.github.io/image-mturk/dataset750/153.jpg,eraser
https://collocation2024.github.io/image-mturk/dataset750/275.jpg,bell tower
https://collocation2024.github.io/image-mturk/dataset750/115.jpg,toy car
https://collocation2024.github.io/image-mturk/dataset750/274.jpg,cyclist
https://collocation2024.github.io/image-mturk/dataset750/220.jpg,flying dragon
https://collocation2024.github.io/image-mturk/dataset750/126.jpg,paddle boat
https://collocation2024.github.io/image-mturk/dataset750/422.jpg,plate
https://collocation2024.github.io/image-mturk/dataset750/103.jpg,crayons
https://collocation2024.github.io/image-mturk/dataset750/142.jpg,chimney
https://collocation2024.github.io/image-mturk/dataset750/333.jpg,drawing canvas board
https://collocation2024.github.io/image-mturk/dataset750/209.jpg,barbeque stove
https://collocation2024.github.io/image-mturk/dataset750/179.jpg,backpack
https://collocation2024.github.io/image-mturk/dataset750/241.jpg,chessboard
https://collocation2024.github.io/image-mturk/dataset750/161.jpg,luggage
https://collocation2024.github.io/image-mturk/dataset750/263.jpg,barbeque stove
https://collocation2024.github.io/image-mturk/dataset750/55.jpg,statue
https://collocation2024.github.io/image-mturk/dataset750/441.jpg,thunder
https://collocation2024.github.io/image-mturk/dataset750/286.jpg,bird
https://collocation2024.github.io/image-mturk/dataset750/104.jpg,trash bin
https://collocation2024.github.io/image-mturk/dataset750/181.jpg,alarm clock
https://collocation2024.github.io/image-mturk/dataset750/109.jpg,cat
https://collocation2024.github.io/image-mturk/dataset750/158.jpg,german shepherd
https://collocation2024.github.io/image-mturk/dataset750/398.jpg,wall-mounted fire extinguisher
https://collocation2024.github.io/image-mturk/dataset750/111.jpg,lamp
https://collocation2024.github.io/image-mturk/dataset750/102.jpg,wall clock
https://collocation2024.github.io/image-mturk/dataset750/23.jpg,glasses
https://collocation2024.github.io/image-mturk/dataset750/143.jpg,train information display
https://collocation2024.github.io/image-mturk/dataset750/407.jpg,hat
https://collocation2024.github.io/image-mturk/dataset750/69.jpg,welcome mat
https://collocation2024.github.io/image-mturk/dataset750/438.jpg,prep station
https://collocation2024.github.io/image-mturk/dataset750/364.jpg,sushi set
https://collocation2024.github.io/image-mturk/dataset750/261.jpg,sleeping bag
https://collocation2024.github.io/image-mturk/dataset750/133.jpg,picnic mat
https://collocation2024.github.io/image-mturk/dataset750/48.jpg,backpack
https://collocation2024.github.io/image-mturk/dataset750/165.jpg,sitting person
https://collocation2024.github.io/image-mturk/dataset750/217.jpg,cloud
https://collocation2024.github.io/image-mturk/dataset750/18.jpg,wall clock
https://collocation2024.github.io/image-mturk/dataset750/382.jpg,wall lamp
https://collocation2024.github.io/image-mturk/dataset750/27.jpg,palace
https://collocation2024.github.io/image-mturk/dataset750/93.jpg,tupperware
https://collocation2024.github.io/image-mturk/dataset750/63.jpg,wine glass
https://collocation2024.github.io/image-mturk/dataset750/252.jpg,cactus
https://collocation2024.github.io/image-mturk/dataset750/157.jpg,stop sign
https://collocation2024.github.io/image-mturk/dataset750/29.jpg,paraglide
https://collocation2024.github.io/image-mturk/dataset750/244.jpg,sleeping dog
https://collocation2024.github.io/image-mturk/dataset750/108.jpg,green-colored water
https://collocation2024.github.io/image-mturk/dataset750/50.jpg,paperweight
https://collocation2024.github.io/image-mturk/dataset750/224.jpg,car
https://collocation2024.github.io/image-mturk/dataset750/192.jpg,rainbow
https://collocation2024.github.io/image-mturk/dataset750/350.jpg,beach ball
https://collocation2024.github.io/image-mturk/dataset750/86.jpg,shawl
https://collocation2024.github.io/image-mturk/dataset750/87.jpg,sword
https://collocation2024.github.io/image-mturk/dataset750/187.jpg,cessna
https://collocation2024.github.io/image-mturk/dataset750/246.jpg,police car
https://collocation2024.github.io/image-mturk/dataset750/372.jpg,chimney
https://collocation2024.github.io/image-mturk/dataset750/404.jpg,mickey mouse mascot
https://collocation2024.github.io/image-mturk/dataset750/8.jpg,bicycle
https://collocation2024.github.io/image-mturk/dataset750/184.jpg,spatula
https://collocation2024.github.io/image-mturk/dataset750/208.jpg,hiker
https://collocation2024.github.io/image-mturk/dataset750/233.jpg,bird house
https://collocation2024.github.io/image-mturk/dataset750/119.jpg,crown
https://collocation2024.github.io/image-mturk/dataset750/341.jpg,painting
https://collocation2024.github.io/image-mturk/dataset750/27.jpg,rainbow
https://collocation2024.github.io/image-mturk/dataset750/259.jpg,oil barrel
https://collocation2024.github.io/image-mturk/dataset750/138.jpg,ball
https://collocation2024.github.io/image-mturk/dataset750/86.jpg,dog bowl
https://collocation2024.github.io/image-mturk/dataset750/80.jpg,steak
https://collocation2024.github.io/image-mturk/dataset750/226.jpg,crocodile
https://collocation2024.github.io/image-mturk/dataset750/306.jpg,car jack
https://collocation2024.github.io/image-mturk/dataset750/230.jpg,inflatable swimming pool
https://collocation2024.github.io/image-mturk/dataset750/107.jpg,water jar
https://collocation2024.github.io/image-mturk/dataset750/94.jpg,pen
https://collocation2024.github.io/image-mturk/dataset750/23.jpg,nameplate
https://collocation2024.github.io/image-mturk/dataset750/255.jpg,cat
https://collocation2024.github.io/image-mturk/dataset750/431.jpg,sword
https://collocation2024.github.io/image-mturk/dataset750/351.jpg,gloves
https://collocation2024.github.io/image-mturk/dataset750/147.jpg,photographer holding camera
https://collocation2024.github.io/image-mturk/dataset750/3.jpg,birthday candles
https://collocation2024.github.io/image-mturk/dataset750/84.jpg,statue
https://collocation2024.github.io/image-mturk/dataset750/146.jpg,policeman
https://collocation2024.github.io/image-mturk/dataset750/389.jpg,wall-mounted tv
https://collocation2024.github.io/image-mturk/dataset750/275.jpg,man jogging
https://collocation2024.github.io/image-mturk/dataset750/9.jpg,hat
https://collocation2024.github.io/image-mturk/dataset750/87.jpg,red hard hat
https://collocation2024.github.io/image-mturk/dataset750/257.jpg,chef
https://collocation2024.github.io/image-mturk/dataset750/261.jpg,pillow
https://collocation2024.github.io/image-mturk/dataset750/177.jpg,horse and wagon
https://collocation2024.github.io/image-mturk/dataset750/102.jpg,backpack
https://collocation2024.github.io/image-mturk/dataset750/233.jpg,poster
